0,1,2,3,4,counts
www.fr.jamespot.com,,,,,1
www.fr.jamespot.com,academy,,,,1
www.fr.jamespot.com,accompagnements,,,,1
www.fr.jamespot.com,alternative-sharepoint,,,,1
www.fr.jamespot.com,alternative-socialcast,,,,1
www.fr.jamespot.com,alternative-trello,,,,1
www.fr.jamespot.com,alternative-workplace,,,,1
www.fr.jamespot.com,chatops,,,,1
www.fr.jamespot.com,clients,,,,1
www.fr.jamespot.com,communaute-ecosysteme,,,,1
www.fr.jamespot.com,contact,,,,1
www.fr.jamespot.com,devenir-partenaires,,,,1
www.fr.jamespot.com,diapazone,,,,1
www.fr.jamespot.com,digital-workplace,,,,1
www.fr.jamespot.com,enseignement,,,,1
www.fr.jamespot.com,equipe-et-recrutement,,,,1
www.fr.jamespot.com,extranet,,,,1
www.fr.jamespot.com,faq,,,,1
www.fr.jamespot.com,fast-intranet,,,,1
www.fr.jamespot.com,gestion-de-projet,,,,1
www.fr.jamespot.com,help-center,,,,1
www.fr.jamespot.com,intranet,,,,1
www.fr.jamespot.com,jamais-sans-jamespot,,,,1
www.fr.jamespot.com,jamespot-engage,,,,1
www.fr.jamespot.com,jamespot-land,,,,1
www.fr.jamespot.com,jamespot-office-365,,,,1
www.fr.jamespot.com,jamespot-pra,,,,1
www.fr.jamespot.com,jamespot-store,,,,1
www.fr.jamespot.com,job-customer-success-manager,,,,1
www.fr.jamespot.com,job-developpeur-full-stack,,,,1
www.fr.jamespot.com,job-devops,,,,1
www.fr.jamespot.com,job-gestionnaire-adv,,,,1
www.fr.jamespot.com,job-leads-manager,,,,1
www.fr.jamespot.com,job-stage-admin,,,,1
www.fr.jamespot.com,jobs,account-executives,,,1
www.fr.jamespot.com,jobs,business-developer-secteur-public,,,1
www.fr.jamespot.com,jobs,charg%C3%A9.e-de-marketing-btob,,,1
www.fr.jamespot.com,jobs,d%C3%A9veloppeur-logiciel-front-exp%C3%A9riment%C3%A9,,,1
www.fr.jamespot.com,jobs,responsable-partenaires,,,1
www.fr.jamespot.com,jobs,sales-development-representative,,,1
www.fr.jamespot.com,jobs,stagiaire-knowledge-management,,,1
www.fr.jamespot.com,kaokan,,,,1
www.fr.jamespot.com,kit-jamespot-teletravail,,,,1
www.fr.jamespot.com,logiciel-teletravail,,,,1
www.fr.jamespot.com,mentions-legales,,,,1
www.fr.jamespot.com,open-agora,,,,1
www.fr.jamespot.com,open-solidarity,,,,1
www.fr.jamespot.com,plan-du-site,,,,1
www.fr.jamespot.com,plateforme-collaborative,,,,1
www.fr.jamespot.com,plateforme-collaborative-souveraine,,,,1
www.fr.jamespot.com,politique-de-confidentialite,,,,1
www.fr.jamespot.com,politique-de-gestion-des-cookies,,,,1
www.fr.jamespot.com,presse,,,,1
www.fr.jamespot.com,qui-sommes-nous,,,,1
www.fr.jamespot.com,recrutement-commercial,,,,1
www.fr.jamespot.com,reseau-social-d-entreprise,,,,1
www.fr.jamespot.com,ressources,,,,1
www.fr.jamespot.com,securite,,,,1
www.fr.jamespot.com,solution-associations,,,,1
www.fr.jamespot.com,solution-club-et-reseau,,,,1
www.fr.jamespot.com,solution-communication-interne,,,,1
www.fr.jamespot.com,solution-digital-workplace,,,,1
www.fr.jamespot.com,solution-gestion-de-projet,,,,1
www.fr.jamespot.com,solution-gestion-des-connaissances,,,,1
www.fr.jamespot.com,solution-immobilier,,,,1
www.fr.jamespot.com,solution-innovation-participative,,,,1
www.fr.jamespot.com,solution-processus-metier,,,,1
www.fr.jamespot.com,solution-reseau-d-entraide-faq,,,,1
www.fr.jamespot.com,solution-sante,,,,1
www.fr.jamespot.com,solution-secteur-automobile,,,,1
www.fr.jamespot.com,solution-secteur-bancaire,,,,1
www.fr.jamespot.com,solution-secteur-public,,,,1
www.fr.jamespot.com,solution-secteur-transport,,,,1
www.fr.jamespot.com,solution-veille-collaborative,,,,1
www.fr.jamespot.com,solutions-poles-clusters,,,,1
www.fr.jamespot.com,stage-customer-success-manager,,,,1
www.fr.jamespot.com,tarifs,,,,1
www.fr.jamespot.com,task-force,,,,1
www.fr.jamespot.com,webinar-solutions,,,,1
www.fr.jamespot.com,webinars-a-la-demande,,,,1
www.fr.jamespot.com,wedoc,,,,1
